{
             "simid"  :    "SCsurf_T" ,
             "ncell"  :    [       64 ,       64 ,        1 ] , 
                "bc"  :    [ "P" , "P" , "0" ] , 
              "cell"  :  [
                           [    1.00000     ,    0.00000     ,    0.00000     ] , 
                           [    0.00000     ,    1.00000     ,    0.00000     ] , 
                           [    0.00000     ,    0.00000     ,    1.00000     ]  
                         ],
         "anumb_inp"  :         1 ,
         "atype_inp"  :         1 ,
               "bas"  :  [
                           [    0.00000     ,    0.00000     ,    0.00000     ]  
                         ],
                "na"  :         1 ,
                "nt"  :         1 ,
               "sym"  :         0 ,
               "llg"  :         1 ,
           "sdealgh"  :         1 ,
         "mensemble"  :         1 ,
           "initmag"  :         1 ,
             "mseed"  :         1 ,
           "ip_mode"  :    "H" ,
         "ip_hfield"  :    [    0.00000     ,    0.00000     ,    0.00000     ] , 
       "ip_mcanneal"  :        10 ,
        "ip_mcnstep"  :    [    10000 ,    10000 ,    10000 ,    10000 ,    10000 ,    10000 ,    10000 ,    10000 ,    10000 ,    10000 ] , 
           "ip_temp"  :    [    500.000     ,    400.000     ,    300.000     ,    200.000     ,    100.000     ,    50.0000     ,    40.0000     ,    30.0000     ,    20.0000     ,    10.0000     ] , 
              "mode"  :   "H" ,
              "temp"  :    0.100000E-03 ,
            "hfield"  :    [    0.00000     ,    0.00000     ,   -150.000     ] , 
           "mcnstep"  :      5000 ,
 "real_time_measure"  :   "N" ,
           "do_avrg"  :   "Y" ,
         "avrg_step"  :       100 ,
        "do_tottraj"  :   "Y" ,
      "tottraj_step"  :       100 ,
           "do_cumu"  :   "N" ,
        "plotenergy"  :         1 ,
       "do_spintemp"  :   "N" ,
             "ntraj"  :         0 ,
             "do_sc"  :    "N" ,
           "comment"  :    "Input data from UppASD simulation" 
  } 
