{
             "simid"  :    "SCsurf_T" ,
             "ncell"  :    [      128 ,      128 ,        1 ] , 
                "bc"  :    [ "P" , "P" , "0" ] , 
              "cell"  :  [
                           [    1.00000     ,    0.00000     ,    0.00000     ] , 
                           [    0.00000     ,    1.00000     ,    0.00000     ] , 
                           [    0.00000     ,    0.00000     ,    1.00000     ]  
                         ],
         "anumb_inp"  :         1 ,
         "atype_inp"  :         1 ,
               "bas"  :  [
                           [    0.00000     ,    0.00000     ,    0.00000     ]  
                         ],
                "na"  :         1 ,
                "nt"  :         1 ,
               "sym"  :         0 ,
               "llg"  :         1 ,
           "sdealgh"  :         1 ,
         "mensemble"  :         1 ,
           "initmag"  :         3 ,
           "moments"  :  [
                           [   0.995037E-01 ,    0.00000     ,   0.995037     ]  
                         ],
           "ip_mode"  :    "Y" ,
         "ip_hfield"  :    [    0.00000     ,    0.00000     ,    0.00000     ] , 
              "mode"  :   "S" ,
              "temp"  :     0.00000     ,
            "hfield"  :    [    0.00000     ,    0.00000     ,   -150.000     ] , 
             "nstep"  :      5000 ,
          "timestep"  :    0.100000E-14 ,
           "damping"  :    0.500000     ,
 "real_time_measure"  :   "N" ,
           "do_avrg"  :   "Y" ,
         "avrg_step"  :       100 ,
        "do_tottraj"  :   "N" ,
           "do_cumu"  :   "N" ,
        "plotenergy"  :         1 ,
       "do_spintemp"  :   "N" ,
             "ntraj"  :         0 ,
             "do_sc"  :    "N" ,
           "comment"  :    "Input data from UppASD simulation" 
  } 
