optimizer,final_energy,mean_site_diff,max_site_diff
adam,-4.0,2.8518527841590096e-08,1.2874004810381266e-07
sgd,-4.0,2.8518527841590096e-08,1.2874004810381266e-07
lbfgs,-4.0,2.8518527841590096e-08,1.2874004810381266e-07
rmsprop,-4.0,2.8518527841590096e-08,1.2874004810381266e-07
adagrad,-4.0,2.8518527841590096e-08,1.2874004810381266e-07
adamw,-4.000000476837158,5.374372308154768e-06,0.08616486172164377
